gap_id,gap_category,missing_item,why_needed,impact_if_missing,acceptable_source,agent_rule
GAP-BOUNDARY-001,official_boundary,三层范围 official polygon,正式评分需要确认统筹研究范围、总体设计范围、重点区域范围的官方红线,只能进入 intake；不能 formal_review_ready,资格预审文件附件、正式任务书附件、补遗答疑、清权CAD/GIS/PDF,不得把 provisional polygon 写成 official_constraint
GAP-BOUNDARY-002,official_boundary,三个重点片区 official KEY_AREA polygon,重点区域详细设计和面积复核需要官方片区边界,重点区只能做临时详细设计表达,资格预审文件附件、正式任务书附件、清权CAD/GIS/PDF,正文必须标注当前 key areas 为 provisional
GAP-CONTROL-001,planning_control,控制性详细规划条件,容积率、建筑高度、建筑密度、绿地率、退线和建筑控制线影响开发强度与风貌控制,只能提出概念建议和待确认条件,官方控规、规划条件、任务书附件,不得给出审定容积率、建筑高度或建设规模
GAP-ROAD-001,transport_control,道路红线和断面,交通微循环、慢行断点、停车和站点一体化需要道路红线与断面,道路和慢行只能做概念组织,官方道路红线、交通专项、任务书附件,不得给出工程线位或施工可行性结论
GAP-PARCEL-001,land_parcel,现状地块/宗地边界和权属状态,城市更新项目清单、拆改留和实施路径依赖权属和地块边界,更新项目只能写概念分区和待核条件,清权地籍/宗地资料、官方地块资料,不得擅自改造权属空间或指定拆改留结论
GAP-BUILDING-001,existing_building,现状建筑轮廓、高度、用途和建成年代,建筑更新、拆改留、风貌和容量判断需要现状建筑底数,建筑策略只能作为概念指引,官方现状调查、清权测绘、公开建筑资料,不得编造建筑高度、层数或保留拆除状态
GAP-HERITAGE-001,heritage_control,京张铁路遗址公园和清华园车站旧址文保控制范围,公共空间、地标和工程节点需要文保范围和建设控制地带,文化与公共空间设计必须保持保守,文物主管部门资料、官方保护规划、清权GIS/PDF,不得突破文保、绿地、蓝线或交通安全约束
GAP-MUNICIPAL-001,municipal_safety,市政管线、消防、防洪排涝和海绵城市条件,市政和安全承载决定工程可行性,市政策略只能做体系建议,官方市政专项、管线资料、任务书附件,不得给出管线迁改或消防通道工程结论
GAP-SERVICE-001,public_facilities,公共服务设施底数,人才生活服务、公共服务设施和城市服务场景需要设施底数,只能提出服务体系和待核设施清单,官方公共服务设施数据、统计年鉴、开放数据,不得编造学校、医疗、养老等设施容量
